2,research supports medicalmarijuana as pain medication hiv aids doctors this_is_a_url t co skdtxb9tmt mme cannabis this_is_a_url t co apowat3tso
2,cannabis smoke may benefit asthma and lungfunctions marijuana medicalmarijuana cannabisoil vape vaporizer this_is_a_url t co 6qtnhavofy
-1,veteran asks court to reverse illinois on marijuana for ptsdthis_is_a_url t co lo08svertj marijuana cannabis mme this_is_a_url t co ypqagb5fsb
0,cannabis weed marijuana grinders bong shop clothing this_is_a_url t co gg4ra6uh1h your best online smoke shop this_is_a_url t co aa6atg3s0u
2,cannabis derived drugs totarget diabetic kidney failure this_is_a_url t co upsuolpijw via aberdeenuni
2,study patients replace prescription drugs with cannabis this_is_a_url t co l842fgukoa mme marijuana pharma thc this_is_a_url t co buvl3ltlvf
2,daily marijuana safe andeffective for chronic pain this_is_a_url t co zjyddkw3kh marijuana pain mme cbd cannabis this_is_a_url t co vrmuhkh9mt
1,blunt talk gop candidatesdivided on pot use this_is_a_url tco wp1znfaufs gop 2016 vote cannabis marijuana mme this_is_a_url t co k231ivlbwl
2,coconut oil and cannabiscapsule a medical miracle this_is_a_url t co pcpzefamcn
1,happy friday cabusinessattorneys cannabis business attorneysfriday this_is_a_url t co daptxxfsyd
2,marijuana as medicine this_is_a_url t co de2kdfrxzr via usnews medicalmarijuana cannabis mme epilepsy cancer cbd this_is_a_url t co blxca3t59l
1,a look at the evolution of marijuana purity testing this_is_a_url t co xopxiwdpn3 cannabis mme cannabis thc cbd this_is_a_url t co eskufegu1p
1,high hopes for medical marijuana trials this_is_a_url t co mkficxztjw mme australia cannabis seizure epilepsy this_is_a_url t co vbnjvnlvdo
0,selling cannabis mother of all highs this_is_a_url t co citrbneqww via theeconomist mme marijuana cannabis this_is_a_url t co swvkwprdck
1,spanaway pacgrn_wa_ nofilter jackherer cannabis cancer curepeace pho peace love dabbar this_is_a_url t co 2wmc0pgx2o
2,survey medical marijuanatreats migraines this_is_a_url t cobbyke7k14b marijuana cannabis mme migraines thc c this_is_a_url t co olcrurd8l8
1,croatia legalizes use ofmedical marijuana this_is_a_url t co aiu7edixta via abc mme cannabis medicalmarijuana this_is_a_url t co tqkyv68hsr
2,how medical marijuana ishelping seniors get off prescription drugs this_is_a_url t co h10rjohsvx mme cannabis this_is_a_url t co ffpvejxg5b
1,no matter how depressed ibecome during the day nothing makes it better like cannabis
1,in touching tribute french students sing national anthem atnyc vigil for paris victims this_is_a_url t co zxxguzozwo marijuana cannabis
2,marijuana might be the best way to prevent alzheimer s disease this_is_a_url t co wg3bqamv6k mme cannabis this_is_a_url t co yha503it94
1,colorado monthly marijuana sales eclipse 100 million mark this_is_a_url t co ra6gob2omm mme cannabis marijuana co this_is_a_url t co 8ox7jirxah
1,crossgenetics marijuana edibles are becoming a popular alternative to smoking cannabis cannabisnews thc this_is_a_url t co tyzyxsavac
2,using marijuana for insomnia this_is_a_url t co 2uuvrivnkm marijuana cannabis insomnia mme medicalmarijuana this_is_a_url t co tpbcphwy3y
1,it s only crime was beingtoo good to us this_is_a_url t coekghh8kgg5 stoned weed cannabis marijuana cancer
1,cannabiscommunity weedofworld marijuanalife marijuanarecipecannabis marijuanapice this_is_a_url t co jd3mtg76eh
0,ganjagirls check out maryjanesmeds all natural cannabis infused bodyproducts i know you will love it massage bodyoil vegetarian yum
0,canadians open to debateon legalizing marijuana this_is_a_url t co fjridfgpta canada mme cannabis marijuana this_is_a_url t co pyavus0s0j
-1,for fucks sake in oregonthere are now more marijuana shopsthan starbucks or mcdonald s this_is_a_url t co okskl2cobz cannabis
0,physicians vote to ease marijuana laws advance research this_is_a_url t co s6qoidgsw9 mme cannabis marijuana this_is_a_url t co ov6jovwlcp
1,bernie sanders says he sopen to legalizing marijuana use this_is_a_url t co qwzgd2thuk cannabis 2016 mme vote this_is_a_url t co 9n63ughzap
0,hemp100 com on sale this_is_a_url t co syc6lyio9j cannabis hemp hempproducts 420life weed buds marketing seo this_is_a_url t co piicbcpfh5
2,cannabis treats anxiety depression and activates pathways that regulate emotional behavior medicalmarijuana this_is_a_url t co is8eckilk1
2,marijuana kills cancer says nationalcancerinstitute medicalmarijuana cannabis cannabisoil cancercure norml this_is_a_url t co np6lhz8af5
1,cannabis how cannabis could revamp the christmas island economy federal health minister sussan ley has this_is_a_url t co ldbbaslg4o news
1,could cannabis revamp christmas island s economy this_is_a_url t co djihpxmazo via abcnews xmasisland
1,the highs and lows of buying legalized marijuana this_is_a_url t co anqbikh3sr via huffpost50 mme cannabis thc this_is_a_url t co k87k1u2z0n
1,willie nelson praises newmarijuana laws this_is_a_url t coo02nbpxwvb willienelson williesreserve mme cannabis this_is_a_url t co qqrdj9hhoc
0,green light marijuana district for downtown portland this_is_a_url t co g1tbku9l2o or mme cannabis this_is_a_url t co sfcypwcl7a
0,stoner coffee mug oil bythis_is_a_url t co iqgkvgnnpn this_is_a_url t co ascrc2s8he via etsy 710 dabs thc pothead cannabis stonernation 420
1,here s why you need a workplace marijuana policy this_is_a_url t co 9at8lkf7er marijuana cannabis work mme this_is_a_url t co ysp6ryfei3
2,cannabis is a medicine not a drug this_is_a_url t co vkqckxedsg marijuana mme pharma medicalmarijuana cbd t this_is_a_url t co jkbvvg7di1
2,steady growth seen in medical marijuana use this_is_a_url tco a9zk9bip1x mme medicalmarijuana cannabis this_is_a_url t co qvnwzcy3yj
2,could cannabis kill cancer see the science on their site cure_yourself this_is_a_url t co 4dabsgjkkj this_is_a_url t co 07qenylj0w
2,dr sanjaygupta whole cannabis is better than just cbd marijuana medicalmarijuana cannabinoids cannabisoil this_is_a_url t co zpecwb16sh
0,legal marijuana is your state next this_is_a_url t co wiljrn7ixg cannabis legal this_is_a_url t co i8dvaiwwsw
2,pr nutritional high announces the launch of the first threeproducts in its active hemp line this_is_a_url t co k3lgd2llax cannabis
2,view medical marijuana works for ptsd this_is_a_url t co n8i4flpq7w medicalmarijuana cannabis cbd thc ptsd this_is_a_url t co cluczmcnd6
0,pipe pouch pink antique floral by this_is_a_url t co grpeehjoyt this_is_a_url t co ziwqfd3mhe via etsy stonerbabes pothead weed smoke cannabis
-1,thingstobeleftin2015 prohibition against dagga cannabis marijuana weed industrial recreational medical use prohibitionmustfall
1,cannabis replacing prescriptions drugs this_is_a_url t co tqe8enuo7k medicalmarijuana cannabis pharma mme thc cbd this_is_a_url t co w5zenj0li9
2,parents turn to cannabisoil after son s seizures this_is_a_url t co q2fyeax8gv mme cannabis marijuana epilepsy this_is_a_url t co uhb7qtkxti
1,colombia plans to legalize sale of medical marijuana under presidential decree the colom this_is_a_url t co un5drkcraj marijuana cannabis
1,cannabis this_is_a_url tco bra5xq1dyv
1,popping pills prescription drug abuse in america this_is_a_url t co uhkxretzwf marijuana pharma cannabis mme this_is_a_url t co owynbtntnu
2,chemicals in marijuana protect nervous system against ms this_is_a_url t co u5dohu5owa mme ms cannabis cbd this_is_a_url t co wju5caaeih
1,rastafari rootzfest worldcannabis cup 2015 day three high times this_is_a_url t co zm0juc5ld3 cannabis marijuana
1,padded pipe pouch strawberry by this_is_a_url t co gf41sb6a0h this_is_a_url t co pbswe76gp4 via etsy weed smoke cannabis ganja stonernation
1,legalize it medicine struggles with marijuana epilepsy curesthis_is_a_url t co ow6hxcx7jv mme cannabis cbd t this_is_a_url t co oryzx7wmxc
1,cannabis glasspipe this_is_a_url t co h0dalf6uxq
1,homeland episode 7 the one where they stop underestimating carrie it s the episode of this_is_a_url t co xlwyhaej6m marijuana cannabis
1,stoner coffee mug purplehaze by this_is_a_url t co grpeehjoyt this_is_a_url t co fszxtnpmgt via etsy smoke weed cannabis ganja highlife dabs
1,sanders and clinton offercannabis clarity and confusion viaforbes this_is_a_url t co 47yvcsym4d marijuana mme this_is_a_url t co ye9kqamgcg
0,what it s like being stoned in a grocery store via herbworthy this_is_a_url t co 99hv1jj0yg cannabis funny video grocery me
1,mixed smoke signals for tribal marijuana from doj this_is_a_url t co uwjyjyffst marijuana cannabis
1,this_is_a_url t co mjl7mq0med can help you finance your cannabis or vape business email this_is_a_url t co wrbgdbjuez this_is_a_url t co vnwuek4tob
1,4 natural treatments proven to kill cancer this_is_a_url t co jgztnetzth vitaminc laetrileb17 cannabis chagamushroom
1,greenkush evergrownw marijuana weed cannabis washingtonstatewashington hightimes this_is_a_url t co mdza5elyys
1,funky pipe pouch by this_is_a_url t co iqgkvgnnpn this_is_a_url t co m2v2xzdu6u via etsy stoner weed smoke cannabis pothead ganjagirls
1,canada prime minster trudeau orders justice minister to legalize cannabis this_is_a_url t co c4bf1xj5zx
1,greenkush is looking great evergrownw marijuana weed cannabis washingtonstate washington this_is_a_url t co k2hayzaqer
-1,banishing the prohibitionmonsters maybe this_is_a_url t co9snmzfsy3d marijuana cannabis
-1,oregon marijuana safety first this_is_a_url t co uwjyjyffstmarijuana cannabis
1,repeal amp abolish fascist ecocide cannabis hemp oneplant aseed this_is_a_url t co slklaj3xgn
0,we offer a wide selectionof large amounts mix and match fora price break i502 cannabis this_is_a_url t co lw1uj5gluz
1,stoner coffee mug don t fear the reefer this_is_a_url t co xk44ynxcrd weed cannabis smoke dabs pothead hippy this_is_a_url t co cz27f2exz3
1,portland cannabis convention draws thousands legalizeit mmjthis_is_a_url t co lg0gquotyy
0,hightimes denver cannabislovers we have brand new glass rigs dabtools nails pipes bongs bubblers attachments 108 s broadway st
1,rep blumenauer to speak out against dea chief s recent comments this_is_a_url t co 94fgdnvg5q marijuana cannabis this_is_a_url t co pmhdxbu8vc
0,scientists say runner s high is like a marijuana high this_is_a_url t co m9lhcgap7a mme cannabis medicalmarijuana this_is_a_url t co 9auha9nfgb
1,retweeted high times high_times_mag make your sundayfunday even better with these cannabis cocktail this_is_a_url t co 32ckb3sfek
2,40 medications replaced with raw cannabis juice cannabis mmjmedicalmarijuana cbd thc cannabisoil marijuana this_is_a_url t co bmr47jm42k
2,cannabis oil cured my bowel cancer claims father 33 cannabismmj medicalmarijuana cbd cannabisoil marijua this_is_a_url t co ibqjbrhvma
1,learn about frankenberrythis_is_a_url t co sabuadysb6 cannabis this_is_a_url t co tnxcaqfif6
1,got a gasmask pack it with some 401 gasband are you in or out cannabis hightimes smoke weed kush this_is_a_url t co jhd3wevipc
1,terminal patients cannabis proposal becomes battleground formarijuana in florida this_is_a_url t co i5nrv8ddk5
1,padded pipe pouch autumnplaid by this_is_a_url t co gf41sb6a0h this_is_a_url t co ptu5zlk0ty via etsy weed smoke cannabis stayhigh pothead
0,ohio now a battleground state for marijuana this_is_a_url tco tavtvdpi6r via cbsnews cannabis mme oh this_is_a_url t co nbs9qaytdc
2,marijuana may stop the spread of hiv this_is_a_url t co ugqf3nrjmj via hplifestyle fastcoexist cannabis ucberkeley
-1,california pot farmers wrestle with new medical marijuana rules marijuana farmers for ye this_is_a_url t co sx3q6xad21 marijuana cannabis
1,you decide 2015 marijuanaissues on ballot explained this_is_a_url t co o0v3t5fcs8 mme ohio oh marijuana cannabis this_is_a_url t co cmkwuktmu0
-1,has your mentalhealth improved by using cannabis
2,watch how to juice raw cannabis for your health cannabis cannabisoil medicalmarijuana mmj cannabisjuice this_is_a_url t co qbgkmoic0y
0,it s not just a plant a documentary by kain derrick cannabismmj medicalmarijuana cbd cannabisoil marijua this_is_a_url t co zleurwzbe4
0,hawaii cannabis expo jan29 31 2016 at the blaisdell exhibition hall in honolulu haw this_is_a_url t co fvjzxiouup this_is_a_url t co byaziibivr
2,medical marijuana helpedsave this child from cancer this_is_a_url t co 05rhcwsvfo marijuana cannabis mme cancer this_is_a_url t co guwlxfbpmr
1,tennessee receives approval from dea to import hemp seeds cannabis mmj medicalmarijuana cbd cannabisoil this_is_a_url t co oeksikyq47
-1,cannabis for kids the children behind the debate mmj medicalmarijuana cbd thc cannabisoil marijuana this_is_a_url t co rz9o5pvosq
1,empire recap hakeem s nota lyon anymore just like madonna beyonc and drake before this_is_a_url t co grom2vqegw marijuana cannabis
0,rihanna is reportedly launching her own cannabis line rihanna cannabis green thc celebz this_is_a_url t co on9whabmm1 this_is_a_url t co ohjj4uii9g
1,whoa the keurig for marijuana is finally here gt this_is_a_url t co vczqhzj6ss via techinsider tech mmj cannabis pot
1,using cannabis daily is safe amp effective for chronic painmanagement this_is_a_url t co u7glryymnf cannabis pain thc cbd mmj pot
0,does ur cannabusiness need a bank acct take cannabis bankingsurvey marijuana approved this_is_a_url t co 51wfhca0pt this_is_a_url t co z4wserw1c2
1,hiv infections cured withcannabis a real possibility this_is_a_url t co lwotqopxvt hiv cannabis medicalmarijuana this_is_a_url t co vbb27mamof
1,a small but mighty star shoots off flares that put our sun to shame a little star in dee this_is_a_url t co 0telmsaope marijuana cannabis
1,rihanna lance sa marque de cannabis marihanna this_is_a_urlt co pvawhp6aw3 via 20minutes
1,the forbidden romance between cannabis and reggae in jamaicathis_is_a_url t co vcfnh6o9ka this_is_a_url t co kqxu1gpdu3
1,this_is_a_url t co 7fuughal44 can get you credit card processing 4 ur cannabis business email contact startuphangar com this_is_a_url t co vju3bqmzzb
1,cannabis interactive dataand analytics finally here try your free equio trial today this_is_a_url t co i1ioczq6vl this_is_a_url t co wvdgw8mlyz
1,looking for a bigdata report that s tailored to your needs in the cannabis industry visit this_is_a_url t co blbtex7qqz for more details
1,medford city council votes down residential pot growing banwill explore putting issue to voters this_is_a_url t co 5cbxip490z oregon cannabis
1,good friday morning dabbers weed cannabis marijuana dabsolutely dabbing this_is_a_url t co 9cbeyrpjvn
1,is there a chance of iranlegalizing cannabis mazighiabi interviewed on iran drug policy this_is_a_url t co jtt8ugfixg
1,music2smoke2 how many hits now playing on this_is_a_url t colmlvy76piw ibakeradio marijuanaradio cannabisradio marijuana cannabis
1,we have a facebook page like us this_is_a_url t co ulacdq0iz4 follow like 420 cannabis breakthetaboo legalizecannabis
1,what is the world s biggest cash crop cannabis this_is_a_urlt co ruh3efmgms
1,cannabisoil cures infants inoperable brain tumor marijuanacannabis cancer cancercure medicalmarijuana this_is_a_url t co l3h0sv6xqh
1,jtv01 00 tv asahi 1 freestyle dangeon this_is_a_url t co zl6abwgbpq cannabis vegan nyc castle palace military alter model tv mc rap
1,mega power plant 600 watthps 90 indica flowering 8 9 weekscannabis spliff this_is_a_url t co wahucjamvm this_is_a_url t co bezzrqg8dn
1,obtain a medical cannabiscard in nm 505 503 8962 discount for our vets this_is_a_url t co gbmqvzep3p cannabis newmexico
1,watch this marijuana cannabis hemp video untitledncia 5 yearanniversary video looking back moving forward this_is_a_url t co a5d2rdbyxz
1,cannabis legalizeit new report predicts which states are most and least likely to legalize pot by 2017 this_is_a_url t co jaeoapzd1e
1,keep an eye on pmcb pharmacyte biotech in bottom channel biotech amp cannabis stock play cancer trial coming up gwph insy celg lly
1,if you live in new mexicoand think you re eligible for medical cannabis call our office this_is_a_url t co l0u7snfgvs cannabis newmexico
1,air bud and breakfast anyone bed heads co s airbnb style website for cannabis lovers this_is_a_url t co dz4z13m7ng this_is_a_url t co 50vmwsavg5
1,enjoying my day off src rtrees this_is_a_url t co 5atmozej8x trees cannabis weed reddit this_is_a_url t co 3bl1rlercw
1,is there a date yet whenrecreational cannabis extract and edible sales will begin whatslegalor
1,design matters in cannabis and in life
1,alaska regulators are 1stto ok marijuana use at pot shops cannabis this_is_a_url t co qyo1ye8jxz
1,turbo klone or easy clonequestion been looking into these cloning systems for a while n this_is_a_url t co axmwigygoq marijuana cannabis
1,chakra energies educationof the soul so i posted a thread just like this in the spi this_is_a_url t co jsvp8olfea marijuana cannabis
1,super lemon haze in a phototron hi my name is amber and i amnew to this site i have this_is_a_url t co 4ulnfzginr marijuana cannabis
1,thundercat s groooooooowok guys so i ve been around for a couple months i ve been en this_is_a_url t co 35gu8pmave marijuana cannabis
1,how to handle curing drying if plants are unattended hi i ma newbie and am very close this_is_a_url t co 9nzebfwdzd marijuana cannabis
1,morgan freeman only pot cures my pain cannabis mmj medicalmarijuana cbd thc cannabisoil marijuana this_is_a_url t co fu0ei3c5gj
1,treating multiplesclerosis with medicalmarijuana cannabis mmj legalize cbd thc cannabisoil marijuana this_is_a_url t co vkemscyznx
1,majority of pharmacy students want medical marijuana legalized this_is_a_url t co b5xp5nt8tr cannabis marijuana mme this_is_a_url t co kwnkc3e8ob
1,check out the weedstreamer a renovated airstream that is a cannabis friendly promotion vehicle this_is_a_url t co 5phcxt8cey weedstream
1,keep it smoky twitter weed hightimes cannabis legalize this_is_a_url t co jffogqstwd
1,australia mps plan to bring case for medical cannabis to parliament this_is_a_url t co fqjloox2pi mme cannabis c this_is_a_url t co 0ifzonbek6
1,for first time ever pot taxes will pay for college scholarships this_is_a_url t co vhgpf5bnrl mme cannabis cbd this_is_a_url t co mqwn7pt7ev
1,rate your favorite strains the cannabis strain directory blog educate yourself this_is_a_url t co qkhx5gbkzh this_is_a_url t co wx1xleoyn1
1,danish cannabis is stronger than ever this_is_a_url t co avoujpulhh potshopguides danishcannabis cannabis denmark marijuana canna ganja
1,florida decides poll 62 of voters support medical marijuanathis_is_a_url t co cjng91k5re fl mme cannabis cbd this_is_a_url t co lby8r76ufp
1,seneca nation approves medical marijuana measure this_is_a_url t co 1anfbidcvg mme cannabis medicalmarijuana this_is_a_url t co xzmgnoicqz
1,l s d special offer 10 genuine bumper crop world wide shipping this_is_a_url t co xtlapbwil1 cannabis weed this_is_a_url t co zvlfg7hy0l
1,marijuana works to treatarthritis pain this_is_a_url t co eyfyigin9s marijuana cannabis medicalmarijuana this_is_a_url t co xqpeyhtx1s
1,stuck at work wish i could smoke a fatty yes my boss is a jerk lol this_is_a_url t co ffknm4wo3u marijuana weed cannabis 420
1,nation s capital massivereduction in marijuana arrests this_is_a_url t co n8gwangm59 via sharethis cannabis mme this_is_a_url t co owharzpamn
1,why are people overlooking marijuana legalization efforts inmichigan marijuana cannabis this_is_a_url t co fgckexe2zy
1,health medicinal marijuana gateway drug cannabis might actually be an exit drug zamnesia this_is_a_url t co 5xxluyngpc
1,bluntrollingmachine com on sale this_is_a_url t co st7e8no0x3 blunt marijuana cannabis hemp 420life weed buds this_is_a_url t co 8hbkmly6pb
1,buyer beware what s organic in the cannabis market that s adifficult query this_is_a_url t co fpotpjkhtx this_is_a_url t co 7wglyzvdhn
1,what you need to know about marijuana cannabis mmj medicalmarijuana cbd thc cannabisoil marijuana this_is_a_url t co zsrbrkuhrg
1,plants and animals both respond to stress in similar ways wewonder if this is true for cannabis this_is_a_url t co lsqbafkbpb
1,the shocking benefits ofthis incredible superfood cannabismmj medicalmarijuana cbd cannabisoil marijuana this_is_a_url t co pw8aqgf7ve
1,feuncensored marijuanawomen weed cannabiscommunity cannabiscannabisart weedart rollup this_is_a_url t co msnuhrsusm
1,silicon valley tries to alter your perception of cannabis this_is_a_url t co olzqqcjx9g cannabis marijuana mme cbd this_is_a_url t co fjvqfbfxpx
1,epilepsy obtain a medicalcannabis card this_is_a_url t co gbmqvzep3p cannabis newmexico epilepsy 505 503 8962
1,stratospheric rise of medical marijuana in epilepsy this_is_a_url t co rfy4nervlt mme epilepsy cannabis cbd medical this_is_a_url t co jrdjpm2hvx
1,colorado gov takes stepsto safeguard marijuana crop this_is_a_url t co utsttu6s9q via cbsnews mme cannabis co this_is_a_url t co bf7zd0djjc
1,the first hemp harvest atcolorado state is in the bag this_is_a_url t co vutc67oqwa mme cannabis hemp co cbd this_is_a_url t co sgx6rjigx8
1,cannabis top 5 best t5 grow lights for growing cannabis if you are a cannabis grower looking for light this_is_a_url t co tifekjfycu news
1,marijuana policy reform it s not just for liberals this_is_a_url t co noog84uawi cannabis marijuana mme vote this_is_a_url t co b660pv152x
1,veterans drop hundreds ofempty pill bottles in front of thewhite house this_is_a_url t co m8ocdhenrg cannabis pharma this_is_a_url t co ytf2ororrf
1,new research coming on benefits of medicinal cannabis this_is_a_url t co eisqg7k5iu mme cannabis marijuanakills this_is_a_url t co cpyapgsudk
1,medicalmarijuana more effective than bigpharma for fibromyalgia cannabis cannabisoil bigbusiness mmj this_is_a_url t co 438vkkumqr
1,jtv17 00 tv asahi 1 freestyle dangeon this_is_a_url t co zl6abwgbpq cannabis vegan nyc castle palace military alter model tv mc rap
1,marijuana found to have anticancer health properties cannabis mmj medicalmarijuana cbd cannabisoil marijuana this_is_a_url t co ty8ue0nkrz
1,mom marijuana can help children this_is_a_url t co woafglkk0c mme cannabis marijuana epilepsy this_is_a_url t co qnq8ibzipa
1,grow hack how to keep police amp thieves away from your garden this_is_a_url t co ku2zbqmzg7 via 3tags_org pjnet weed cannabis 420 growhack
2,main issue on medical cannabis pain relief this_is_a_url t co gka019u0vg marijuana cannabis cbd pain mme this_is_a_url t co hb6bmnolwj
1,ms groups welcome medicalmarijuana treatments this_is_a_urlt co jgdwidqw5g mme ms cannabis multiplesclerosis this_is_a_url t co avwabbcjau
1,when will federal marijuana legalization happen via aplusappthis_is_a_url t co blcpaw5fhe mme cannabis cbd t this_is_a_url t co ys9m5vj660
1,alaska marijuana controlboard makes major residency requirement change at last minute a this_is_a_url t co 4z7ilmfvt0 marijuana cannabis
1,marijuana legalization may get boost dea backs off cannabisdea legalizeit norml decriminalization this_is_a_url t co tahmyv6rbm
1,cbd may prevent cardiac damage caused by doxorubicin cannabis mmj medicalmarijuana cbd cannabisoil marijuana this_is_a_url t co qrvvoy5ksl
1,cannabis marijuana locoroom pakaloco this_is_a_url t co r9gldqgofr
1,this_is_a_url t co 3s92gxuhja och det r v l bara tur det legalisera cannabis
1,germany could create state cannabis agency for treating seriously ill patients this_is_a_url t co rfjfbu5ckq mme this_is_a_url t co rkkivim1ss
1,the push for legal marijuana spreads this_is_a_url t co f2tdaprkyw marijuana cannabis medicalmarijuana mme this_is_a_url t co oioe7laul8
1,the endocannabinoid system a putative role in neurodegenerative diseases this_is_a_url t co ft21rkaq2w mme cannabis this_is_a_url t co joke9ycpgw
1,strain review white widowby dutch passion this_is_a_url t co e4hnwnsw2g cannabis this_is_a_url t co wr6zmkhptd
1,irish government to decriminalize marijuana this_is_a_url tco 8ycexwgxxb via thinkprogress mme cannabis marijuana this_is_a_url t co jroex3dzwj
1,legalize cannabis study finds medical marijuana safe and effective for chronicpain relief this_is_a_url t co tjvyjihzcp fibro pain
1,study reveals marijuana does not impair lung function but increases it cannabis cannabisoil research this_is_a_url t co soszkw51a4
1,cannabis might be the next migraine drug cannabis mmj medicalmarijuana cbd thc cannabisoil marijuana this_is_a_url t co c48qiltppn
1,expohaze weedstagram weedcannabis cannabismedicine cannabismedicinal cannabiscommunity this_is_a_url t co tlt5elsbzy
1,cannabis is a human rightsay mexican judges this_is_a_url tco gq5dybl3ox mme cannabis marijuana this_is_a_url t co nkrli6rwmx
1,marijuana fights alzheimer s disease study indicates this_is_a_url t co cdksjt3llq mme cannabis cbd thc marijuana this_is_a_url t co bt9kdjam3n
1,how long will the wild west of medicalcannabis last in michigan cannabis regulation this_is_a_url t co nk0qjipanp
1,cannabis marijuana this_is_a_url t co uln5wb8cxa
1,this wednesday we will have 8 10 amp 12 gram specials buy ahalf oz amp get a free glass chillum pipe mmj pdx cannabis greensky
1,study kicking the opiatehabit with cannabis this_is_a_url tco 1bjrb8y5ia this_is_a_url t co fjxzkunbhw
1,teamkush stonerscircle stayhigh weed ganjagirls cannabis marijuana ganja maryjane this_is_a_url t co gqnh031p3j
1,alaska regulation approves on site consumption for cannabisstores that s a first in the us this_is_a_url t co wzzhhotnqv
1,officials say nevada likely to legalize recreational marijuana this_is_a_url t co bj1uyh8vfz via ktnv mme cannabis nv this_is_a_url t co ydwvycjzgr
1,parkinson s disease and the potential of cannabis therapy this_is_a_url t co 3xyyeqvqpe marijuana cannabis mme this_is_a_url t co oqeyynvc09
1,the origins of eating cannabis bhang cannabis mmj medicalmarijuana cbd thc cannabisoil marijuana this_is_a_url t co d0q4iix4g1
1,looking to invest in thecannabis industry learn more with mjicinc this_is_a_url t co wvaljjl4h1 this_is_a_url t co 0voa87qxny
1,call amp sign up free delivery 323 836 4481 top shelf meds topshelf mmj dabs thc wfayo ostf medical cannabis justbreeeze
1,herb medicine for the mind body and soul weedmemes mmj medicalmarijuana cannabis this_is_a_url t co krhcze8xdg this_is_a_url t co gfcc4lebcn
1,can you find wellness with cannabis and yoga watch this this_is_a_url t co jq0xhegvbr
1,the government owns the right to cannabis this_is_a_url t coxld0fnuzzp this_is_a_url t co cu7lu8d5mc
1,5 shows with cannabis consumers you can relate to this_is_a_url t co 7yweoztcqa marijuana cannabis this_is_a_url t co pmhdxbu8vc
1,mushies mmj cannabis sativa indica hash bubblehash dabs rosin rosintech maryjane terps this_is_a_url t co ccrdpe1icc
1,colombia to legalize commercial sale of medical marijuana this_is_a_url t co hrqwrql6z9 via aol mme cannabis this_is_a_url t co dm6x1fojt5
1,virginiahempthanks support end cannabis prohibition please rt alliance hmmdidyouknow akventures 420media this_is_a_url t co pjd7y5juyi
1,inspiredaspect thanks support end cannabis prohibition please rt alliance hmmdidyouknow akventures 420media this_is_a_url t co pjd7y5juyi
1,caccia25 thanks support end cannabis prohibition please rt alliance hmmdidyouknow akventures 420media this_is_a_url t co pjd7y5juyi
1,79 year old hippie running for london mayor this_is_a_url tco uwjyjyffst marijuana cannabis
1,oregon state university plans industrial hemp study this_is_a_url t co 8xnhnopfyj gtnews mme osu cannabis or this_is_a_url t co tpxvgxvmhd
1,these parents are fighting to give pot to their kids this_is_a_url t co sy4ovqihzz mme cannabis marijuana this_is_a_url t co 0clzh7hnta
1,marijuana legalization isthe new gay marriage this_is_a_urlt co hnh5zxssqf marijuana cannabis mme motherjones this_is_a_url t co kxwdfywukt
1,marijuana legalization and the case for liberty this_is_a_url t co auoem8s0nj via wealthdaily mme cannabis vote this_is_a_url t co 8f1s5p31qy
1,legalizeit weed ganja cannabis this_is_a_url t co dvrajs5utu
1,10 families about to be torn apart by thanksgiving politicaldiscussion turkey mashed p this_is_a_url t co wfw7vsp2n5 marijuana cannabis
1,more positive results with cannabidiol in epilepsy this_is_a_url t co 1dwqfvyo3d medicalmarijuana cannabis cbd thc this_is_a_url t co cmkeedb6tj
1,100 natural cherry pie ahands down favorite this_is_a_url tco ohcnntzqmd mmj cannabis marijuana this_is_a_url t co 4vnmrfsybt
1,despite looser marijuanalaws no spike in teen use this_is_a_url t co pyx4cjzbts mme cannabis marijuana cbd thc this_is_a_url t co efcfxwyacv
1,mother my daughter died waiting for medicinal cannabis this_is_a_url t co kpruw6sj17 via wten godmakesnomistakes cannabisisgood medicine
1,cannabis porn this_is_a_url t co 0nphhpqxdl
1,cannabist our cannabis lexicon covers the full spectrum frombogarting to live resin a this_is_a_url t co yqdrqcjakr
1,strain review the dawgfather by alphakronik genes this_is_a_url t co qhod1gcjbo cannabis this_is_a_url t co svekuaafkd
1,bernie sanders supports ending federal marijuana ban this_is_a_url t co gw7gtpu7fw marijuana cannabis mme vote this_is_a_url t co gqa50lbqsw
1,cannabisincan wten shameful prohibition godmakesnomistakes lt 3 cannabis is good medicine gt lt gt letourpeoplegrow ijn we pray
1,micro trafico artwork artilegal cannabis rich capital cartoon realidad criollostyle this_is_a_url t co oxhgyrsxco
1,dea chief wrong on medical marijuana this_is_a_url t co e1l6aqt90i mme cannabis medicalmarijuana marijuana dea this_is_a_url t co yhjnwsvmeq
1,cannabis is safer than wethought norml mmj medicalmarijuanacbd thc cannabisoil marijuana this_is_a_url t co ec5snxxbzg
1,our cannabis lexicon covers the full spectrum from bogartingto live resin and beyond this_is_a_url t co 6vz5uyu4oe this_is_a_url t co s0ahgcijlg
1,new attorney general willlet states legalize marijuana cannabis mmj medicalmarijuana cbd cannabisoil this_is_a_url t co lkpsheralk
1,now available at evergreen cannabis society organic ogkush shatter dab it vape it enjoy this_is_a_url t co ny9xszbkj6
1,just how big is the american cannabis market very big newfrontier420 colorado oregon california washington this_is_a_url t co wvjvesas36
1,harlequin video cannabismmj ommp mmot this_is_a_url t co 486gaz9pvv
1,here s what today s kidswant to be when they grow up if youre thinking cowboy princes this_is_a_url t co 5dfv7rpukf marijuana cannabis
1,this_is_a_url t co kjjvprxcbe cannabis at the gym this_is_a_url t co j0psbwda8n via ocweedreview health fitness cannabis marijuana gym exercise
1,cannabis at the gym this_is_a_url t co j0psbwda8n via ocweedreview health fitness cannabis marijuana gym exercise aftonfarnsworth
1,parents hope cannabis oilstudy helps children this_is_a_urlt co cg41abj6sb hemp carersact realmofcaring fightforaccess
1,gorgeous jar of snoop s dream buds weed cannabis marijuana maryjane washingtonweed keepitlegal smokeitup this_is_a_url t co be8mym9orq
0,competition brews for cannabis infused coffee and tea this_is_a_url t co lrls0ofule houseofjane420
1,italy blazes a trail forlegal european weed this_is_a_url tco qvvc1nupvl via ozy marijuana cannabis mme italy this_is_a_url t co ogfxabcoab
1,sfv og shatter from foundation extracts this_is_a_url t co jwahwij8uf via ocweedreview cannabis extracts dabs marijuana
1,endocannabinerd thx for following 420digitalweb colorado s leading cannabis web design agency this_is_a_url t co yd8lmpaasi 420digitalweb
0,denver cannabis biz dixieelixirs expanding to australia nz this_is_a_url t co 97f8jkuq6f by bruvs cbd
1,this_is_a_url t co 7mqxwt0i47 s t a y h i g h stoner weed cannabis stayhigh greenfriday pothead dabs smoke stoned hippie ganja
1,are you a cannabis testing lab looking for a brand amp website update we can assist this_is_a_url t co h5mvnampol cbd this_is_a_url t co i70utbwhkb
1,this_is_a_url t co haqwwbnsyb this_is_a_url t co haqwwbnsybfuck it northern lights for the win cannabis weed nor this_is_a_url t co h5auzpabbc
1,davedtc thanks for the follow we love napa nothing like paring a great wine with an awesome cannabis strain
1,how cannabis could revampthe christmas island economy abc online this_is_a_url t co vcvdegoivr cannabis marijuana
1,this_is_a_url t co jc7lr4lyff this_is_a_url t co auao3nt2wrcheck out our jointtips joint 420 stonernation cannabis w this_is_a_url t co lawrojccfc
1,this_is_a_url t co tfalv6nklb this_is_a_url t co dxxw1dsqqccheck out our jointtips joint 420 stonernation cannabis w this_is_a_url t co new5l7h01o
1,guten morgen hanfisten esist november 16 2015 at 08 00am und zeit zum legalisieren haschtag cannabis thc hanf
1,tunein stayup callout w thebearmanradioshow this_is_a_url tco y87ycjcbkm mmj mmot stayhigh cannabis shroom lsd mdma trip norml ows p2
1,jeonell lua cheers for the follow we need everyone s supportfollow support cannabis
1,raw bakedinbc local canadian cannabis maryjane hightimes chronic potd votd explorebc this_is_a_url t co zot1bxzgau
0,study new cannabinoids discovered cannabis mmj medicalmarijuana cbd thc cannabisoil marijuana this_is_a_url t co uqdwa4k2qs
0,two house bills would completely legalize marijuana across the us cannabis medicalmarijuana legalizeit norml this_is_a_url t co k6yhm64opr
1,cannabis moonrock this_is_a_url t co pyt0nzcq2g
1,cannabis drogen politikergeht in gegenoffensive nachdem einh rschinger gemeinderat vom vorwurf entl this_is_a_url t co 7ygrxoefl2 news
1,medical marijuana for psychiatric disorders this_is_a_url tco bxmabrubgc mme cannabis marijuana cbd thc this_is_a_url t co f91hzfl9nh
0,this_is_a_url t co y9ldwtr0rr can help you finance your cannabis or vape business email contact startuphangar com this_is_a_url t co q1n4z0eayi
0,pakalocotwit cannabis marijuana this_is_a_url t co vqt2ezxl2n
0,eagles of death metal speak for the first time since the paris attacks still reeling this_is_a_url t co souwiy3ckc marijuana cannabis
0,g 13 haze special offer 10 genuine bumper crop world wide shipping this_is_a_url t co sgynfecrei cannabis weed this_is_a_url t co ew5rbmhixw
1,proud to be a mentor forcalifornia s first cannabis incubator gtwyinc startups oakland cannabis this_is_a_url t co umcbruuph0
-1,whitegirl engchat beautycuddly stop smoking weed finally a marijuana addiction breakthrough stop smokin this_is_a_url
-1,how to stop smoking marijuana this_is_a_url health howto quitmarijuana this_is_a_url this_is_a_url
-1,the marijuana smoking iscoming to a short stop soon i m focused on getting this knowledge power respect and money for 2016
-1,another reason to stop the proliferation of marijuana high strength cannabis may damage nerve fibres in brain this_is_a_url
-1,girl memories wichitafalls handsome stop smoking weed finally a marijuana addiction breakthrough stop sm this_is_a_url
-1,ontario making progress for those complaining stop better for stem cell recepients that prescription drugs ase this_is_a_url
-1,cannabis coach the cannabis coach is here to help you stop smoking marijuana this_is_a_url
-1,portrait and rouge birthdayparty stop smoking weed finally a marijuana addiction breakthrough stop smoki this_is_a_url
-1,darkart romantic grass healthylife stop smoking weed finally a marijuana addiction breakthrough stop smo this_is_a_url
-1,this super christian girlis talking about smoking marijuana and keeps looking at me stop i am so annoyed
-1,you can t vape stop smoking aids anywhere why the hell should you be able to vape medical pot anywhere this_is_a_url cdnpoli
-1,warm summer minneapolis marriage stop smoking weed finally a marijuana addiction breakthrough stop smoki this_is_a_url
-1,marijuana_scoop guess blacks need to stop smoking blunts in public duh
-1,i pull up to hardee s drive thru amp this woman talking bout it smells like marijuana yo we gotta stop smoking my car up lmao scream_dajour
-1,maybe u should stop smoking marijuana cigarettes this_is_a_url
-1,ovo familytrip exo mileycyrusvideo stop smoking weed finally a marijuana addiction breakthrough stop smo this_is_a_url
-1,this is seriously gonna suck when i stop smoking marijuana
-1,10 tips to stop smoking this_is_a_url
-1,author russiangirl animallovers fishporn stop smoking weed finally a marijuana addiction breakthrough st this_is_a_url
-1,stop weed smoking courtesy of a stressed mom this_is_a_url
-1,marijuana and lung healthamerican lung association this_is_a_url this_is_a_url
-1,dancerproblems partydecortrust southdakota stop smoking weed finally a marijuana addiction breakthrough this_is_a_url
-1,you have to stop smokingit s not cool to live life high oh you mean my medicinal marijuana that doesn t have enough thc to get me high
-1,trailrunner styles curlyselfietime stop smoking weed finally a marijuana addiction breakthrough stop sm this_is_a_url
-1,trynna stop the marijuanahabits so i do push ups when i think about smoking
